{"count":1,"self":21676.4481536,"total":43901.644767599995,"children":{"AgentSendState":{"count":40009753,"self":489.2608512,"total":1555.0245297,"children":{"CollectObservations":{"count":100024400,"self":598.7510784,"total":598.751056,"children":null},"CollectDiscreteActionMasks":{"count":100024400,"self":36.5683872,"total":36.5683881,"children":null},"AgentInfo.ToProto":{"count":100024400,"self":155.81144319999999,"total":430.44423079999996,"children":{"GenerateSensorData":{"count":100024400,"self":274.6328064,"total":274.6327936,"children":null}}}}},"DecideAction":{"count":40009753,"self":20321.134182399997,"total":20321.134185799998,"children":null},"AgentAct":{"count":40009753,"self":346.15016959999997,"total":346.66641089999996,"children":{"AgentInfo.ToProto":{"count":32640,"self":0.2113737,"total":0.5162428,"children":{"GenerateSensorData":{"count":32640,"self":0.3048691,"total":0.3048691,"children":null}}}}},"AgentInfo.ToProto":{"count":141255,"self":1.0125066999999999,"total":2.3708223,"children":{"GenerateSensorData":{"count":141255,"self":1.3583155999999998,"total":1.3583155999999998,"children":null}}}},"gauges":{"Deep_SCV.CumulativeReward":{"count":173895,"max":0.99478,"min":-0.9002541,"runningAverage":0.603912354,"value":-0.500261068,"weightedAverage":-0.5002612}},"metadata":{"timer_format_version":"0.1.0","start_time_seconds":"1629790164","unity_version":"2021.1.9f1","command_line_arguments":"C:\\Program Files\\2021.1.9f1\\Editor\\Unity.exe -projectpath C:\/_DEV\/_YDE\/_UNITY\/Deep_SCV -useHub -hubIPC -cloudEnvironment production -hubSessionId 70824400-fef5-11eb-9554-ad7f3cec7ad0 -accessToken mHIW85Y3wXTSnVzdinpqZtZqODjD22pbLeAX61jm1Vg00df","communication_protocol_version":"1.0.0","com.unity.ml-agents_version":"1.0.8","scene_name":"Main","end_time_seconds":"1629834066"}}